UUID,Start Date,End Date,Type,Name,Duration,Distance,Elevation Ascended,Flights Climbed,Swim Strokes,Total Energy
89633360-c51d-4dd0-a12e-35de843a9a1b,2025-01-02T10:33:44Z,2025-01-02T10:51:01Z,52,Walking,1037.655,1045.66,28.80,0,0,45.34
badad69c-a284-4ab3-9603-5e0f5a738e2e,2025-01-02T10:58:34Z,2025-01-02T12:39:29Z,52,Walking,6054.303,3565.00,36.10,0,0,190.65
0490f05e-8046-45b6-b504-d5982ee1b7c1,2025-01-03T10:10:29Z,2025-01-03T12:29:53Z,52,Walking,8364.508,4350.10,50.90,0,0,245.62
0dc7ce15-b3fa-450b-a3fa-1d36ba117865,2025-01-04T08:46:32Z,2025-01-04T09:10:30Z,52,Walking,1437.689,2523.75,61.82,0,0,67.40
aeb37264-dc33-48dd-8802-4ba7b27259ef,2025-01-04T10:09:14Z,2025-01-04T11:20:35Z,52,Walking,4281.023,1073.98,2.29,0,0,100.19
33f97e5f-9f2c-4b51-9f32-da61ef5c0542,2025-01-13T05:05:22Z,2025-01-13T05:53:15Z,52,Walking,2873.344,2788.25,121.22,0,0,128.97
3d134926-75cb-428c-bce2-1b167e4692c7,2025-01-13T10:08:31Z,2025-01-13T10:58:23Z,52,Walking,2991.616,2288.44,2.00,0,0,109.07
03841958-3985-454c-a95c-b21e0aeefb64,2025-01-16T04:20:38Z,2025-01-16T05:22:04Z,52,Walking,3685.852,3123.54,127.18,0,0,130.08
3bb0b93d-5a28-461b-94cb-71e785d8dabe,2025-01-18T13:07:20Z,2025-01-18T13:36:42Z,52,Walking,1761.535,1115.18,109.00,0,0,58.33
94786a67-35c7-46d6-bd70-818aa00fae7d,2025-01-18T13:37:22Z,2025-01-18T14:59:25Z,52,Walking,4923.500,3436.49,21.08,0,0,179.97
46d0f4d6-b47d-40be-9784-01ae5b8ac294,2025-01-19T07:47:07Z,2025-01-19T08:44:42Z,52,Walking,3455.648,1992.43,12.00,0,0,120.70
dacacbfc-3649-410e-87a5-60c31f69a77e,2025-01-20T11:48:30Z,2025-01-20T13:38:57Z,52,Walking,6627.186,3440.63,14.52,0,0,201.88
2914e048-13c4-43bd-9ee2-440b30c8e210,2025-02-03T10:50:55Z,2025-02-03T11:18:43Z,24,Hiking,1667.996,1079.74,42.40,0,0,47.43
cf16228b-6dca-4ce2-a5d5-f5a21af70dee,2025-02-04T12:02:33Z,2025-02-04T14:07:15Z,24,Hiking,7481.572,4116.85,38.37,0,0,218.86
e59ae820-1b08-445e-a5ff-feb0bd3ff176,2025-02-06T10:06:26Z,2025-02-06T10:36:59Z,52,Walking,1832.357,2160.48,13.78,0,0,92.04
64745a4a-f7d4-4221-81b9-86a075c6303b,2025-02-08T10:24:07Z,2025-02-08T11:01:59Z,52,Walking,2272.293,2402.57,8.60,0,0,100.06
47df51a0-a88a-47b7-8b42-5570f0d8b6b4,2025-02-10T10:28:19Z,2025-02-10T11:45:57Z,52,Walking,4657.672,2320.14,12.67,0,0,129.13
bd2992e5-06ee-4406-9215-cc99448b903d,2025-02-13T04:02:01Z,2025-02-13T04:53:17Z,52,Walking,3075.755,2656.22,5.94,0,0,132.20
d1af60fb-5b55-4738-a417-a93167131293,2025-02-13T05:21:14Z,2025-02-13T05:49:59Z,52,Walking,1724.133,1961.90,125.85,0,0,93.90
5aec9748-9c60-440a-9f88-dd36921a4ebc,2025-02-13T10:49:00Z,2025-02-13T11:05:13Z,52,Walking,973.179,916.59,0,0,0,39.08
4579468a-8fc5-4990-920e-9c1a7c0c830c,2025-02-16T06:16:29Z,2025-02-16T07:40:30Z,52,Walking,5040.799,3160.03,141.01,0,0,257.22
d8d3801e-caa1-4192-a5bc-a8947f584699,2025-02-16T08:37:24Z,2025-02-16T08:54:19Z,52,Walking,1014.218,860.13,0,0,0,32.98
d279d362-4a63-4ad0-98ff-d6b2ecb5b0db,2025-02-17T10:48:10Z,2025-02-17T11:29:51Z,52,Walking,2500.693,2470.65,17.91,0,0,128.40
b85f0045-e2b0-4c9b-a596-02be652aaeee,2025-02-20T11:06:00Z,2025-02-20T13:48:20Z,4,Badminton,9739.881,2247.75,0,0,0,734.31
2d9439a7-d48a-42ba-8977-5aa8a8517c26,2025-02-21T10:07:26Z,2025-02-21T10:34:01Z,52,Walking,1595.127,2208.78,0,0,0,90.38
f9703611-6672-4677-be4a-3876517e6c28,2025-02-24T09:39:44Z,2025-02-24T09:52:26Z,52,Walking,761.798,913.84,0,0,0,44.17
8ab2fe17-aba6-4333-8c51-39aa32b58147,2025-02-24T10:21:35Z,2025-02-24T11:21:29Z,52,Walking,3593.482,3879.49,9.09,0,0,162.24
9d5adfed-aa9d-4bf0-9de3-fd37c9fb0021,2025-02-25T10:22:48Z,2025-02-25T10:39:22Z,52,Walking,993.636,1057.55,0,0,0,47.20
a5db771f-2393-4672-8802-ae9d6b0539e2,2025-02-25T11:00:39Z,2025-02-25T11:35:23Z,52,Walking,2084.345,2242.57,2.25,0,0,97.27
7a018cea-7517-411d-b591-bcb63e92ba2a,2025-02-26T04:39:01Z,2025-02-26T05:08:17Z,52,Walking,1755.831,1759.12,123.06,0,0,80.30
9491c0a9-fdb4-4066-a3e0-b2bfa17ee078,2025-02-26T10:45:50Z,2025-02-26T12:21:30Z,52,Walking,5740.673,3033.14,24.99,0,0,175.77
eb4f7b8c-87a1-444d-b871-87be613f5b1c,2025-02-27T11:07:44Z,2025-02-27T12:32:03Z,48,Tennis,5058.412,2347.66,0,0,0,514.43
4774c7ae-d97f-4c8a-841b-559088aa49b2,2025-02-28T11:00:03Z,2025-02-28T11:30:01Z,52,Walking,1798.203,2277.47,22.60,0,0,106.19
0e51f553-82b2-4b02-a24d-ec7bb050b7eb,2025-03-01T08:43:40Z,2025-03-01T10:04:29Z,52,Walking,4848.625,5012.85,18.15,0,0,234.59
4e979eb1-79a3-42c6-a87b-ad20a13e626b,2025-03-04T11:33:51Z,2025-03-04T13:05:15Z,52,Walking,5483.794,2301.60,20.43,0,0,139.06
a30c0b5e-ab0f-4cd1-ac2e-eaf2b9f460f5,2025-03-06T11:08:42Z,2025-03-06T12:32:24Z,48,Tennis,5022.175,1279.67,0,0,0,473.00
f5dbda14-feaa-4928-84f5-e92ccf54e662,2025-03-10T10:15:39Z,2025-03-10T10:37:24Z,52,Walking,1304.849,1143.06,26.67,0,0,56.12
7a65f5aa-711c-4fa0-ac38-083d87df0a68,2025-03-10T10:47:07Z,2025-03-10T11:15:46Z,52,Walking,1718.199,2304.42,14.78,0,0,115.17
dbc398f3-53b3-4bad-8a5d-3565f641bbf5,2025-03-10T13:15:37Z,2025-03-10T13:33:56Z,64,Jump Rope,1099.559,0.00,0,0,0,143.50
741d0640-8c0b-47c7-ac7e-3bdef9933965,2025-03-10T13:34:21Z,2025-03-10T13:42:26Z,64,Jump Rope,484.527,0.00,0,0,0,66.88
3c6c1a65-15ab-43c0-9157-d3d79ac4e934,2025-03-11T14:25:50Z,2025-03-11T14:41:56Z,64,Jump Rope,965.952,0.00,0,0,0,129.50
7764e36b-d878-4e75-ae5f-8fcbfa7cf572,2025-03-11T15:02:01Z,2025-03-11T15:02:24Z,64,Jump Rope,22.527,0.00,0,0,0,1.78
47981e00-9a80-42e5-9ae6-e60b75090af9,2025-03-11T15:02:41Z,2025-03-11T15:23:01Z,64,Jump Rope,1219.769,0.00,0,0,0,160.44
ee83f46a-7a37-4055-8402-63e9deaec036,2025-03-12T14:20:43Z,2025-03-12T15:23:37Z,64,Jump Rope,3629.294,0.00,0,0,0,316.92
d8d44a04-5fa8-4fcc-96c7-92bde3e30b2f,2025-03-13T11:12:34Z,2025-03-13T12:53:16Z,48,Tennis,6042.670,2483.82,0,0,0,578.83
63a95263-e204-496d-8b2d-1ca87fe6ca87,2025-03-16T09:15:04Z,2025-03-16T11:08:02Z,52,Walking,6777.694,8290.91,36.36,0,0,351.90
3fa4e658-d4a5-42ab-9d55-eed837347654,2025-03-16T13:48:13Z,2025-03-16T13:58:44Z,64,Jump Rope,631.765,0.00,0,0,0,70.71
f6f708ec-6f25-4185-931c-f17942a1e1f9,2025-03-17T09:41:16Z,2025-03-17T10:09:36Z,52,Walking,1699.730,1078.24,122.74,0,0,55.65
36507b8d-5070-438c-ab9d-9f81874884f0,2025-03-17T10:10:31Z,2025-03-17T10:49:16Z,52,Walking,2325.448,2755.50,2.28,0,0,105.31
c95754a1-8782-48eb-8666-c3ecc8a1b841,2025-03-17T14:14:06Z,2025-03-17T15:01:23Z,64,Jump Rope,2836.774,0.00,0,0,0,356.74
48db5d31-f7dd-469c-9316-2a4955b8a52d,2025-03-18T09:54:17Z,2025-03-18T10:11:48Z,52,Walking,1051.662,957.58,74.88,0,0,42.60
77096eac-4a65-4c25-a7cf-cc91fd5f22f9,2025-03-18T10:17:08Z,2025-03-18T10:54:40Z,52,Walking,2251.803,2329.94,23.92,0,0,101.53
cd688d5b-d146-4b35-8503-71c77a8b1da7,2025-03-18T12:59:25Z,2025-03-18T13:09:38Z,64,Jump Rope,613.213,0.00,0,0,0,67.02
511f934c-0a26-4abf-b1c5-19d809a26779,2025-03-18T13:45:55Z,2025-03-18T14:34:26Z,64,Jump Rope,2911.384,0.00,0,0,0,295.52
b771ff20-53ec-42be-89a0-99dbc8f3394d,2025-03-19T04:32:08Z,2025-03-19T05:19:14Z,52,Walking,2826.381,2195.92,122.80,0,0,108.03
69ecf3a5-ab0b-4d3e-adb5-1281b030df9c,2025-03-19T10:07:53Z,2025-03-19T10:33:35Z,52,Walking,1541.697,1037.50,116.88,0,0,48.71
7b255f61-c65a-41f6-9618-eae73ea01ef8,2025-03-19T10:36:43Z,2025-03-19T11:11:59Z,52,Walking,2116.147,2674.15,12.80,0,0,111.76
0f60246c-42eb-47ca-8ddc-4a510965cc11,2025-03-19T15:02:42Z,2025-03-19T15:27:53Z,64,Jump Rope,1510.723,0.00,0,0,0,166.82
6e2c622d-ab2f-4ea9-b066-8e623e5d4686,2025-03-19T15:38:47Z,2025-03-19T15:47:25Z,64,Jump Rope,518.156,0.00,0,0,0,36.47
007e0e6a-e4d1-4d63-af77-95f2b248ebda,2025-03-20T11:07:21Z,2025-03-20T12:49:22Z,48,Tennis,6120.289,2432.85,0,0,0,508.20
a3f772cc-e470-44fd-b918-a3562af5c5b0,2025-03-20T13:18:54Z,2025-03-20T13:41:27Z,64,Jump Rope,1353.045,0.00,0,0,0,143.96
e746386b-de22-462f-a069-29e629c66b37,2025-03-21T10:23:27Z,2025-03-21T10:51:53Z,52,Walking,1706.074,957.66,134.55,0,0,57.62
1cf17ca3-432e-4936-918a-c4c5b5b6734d,2025-03-21T14:23:36Z,2025-03-21T15:18:21Z,64,Jump Rope,3264.249,0.00,0,0,0,373.96
a689a3c2-62c8-46d5-879d-9cd2fbfa99ab,2025-03-22T11:14:17Z,2025-03-22T12:29:03Z,52,Walking,4170.309,4291.65,15.97,0,0,184.35
44cff218-e039-4237-af2e-a4f1de765ca5,2025-03-22T12:51:22Z,2025-03-22T13:12:16Z,52,Walking,1253.957,905.85,11.32,0,0,40.72
ede6f7d6-bf0e-4eb1-9b93-666963680d82,2025-03-22T13:25:25Z,2025-03-22T14:15:06Z,64,Jump Rope,2981.379,0.00,0,0,0,333.82
3a77d8c0-9e16-4fe8-9f1d-8fa899ce7ae3,2025-03-23T06:04:55Z,2025-03-23T07:45:26Z,52,Walking,6031.223,3090.12,36.69,0,0,155.52
b0d11710-cf2d-4bf5-921f-fd5dd8f9191f,2025-03-24T04:07:52Z,2025-03-24T04:53:59Z,52,Walking,2766.370,2716.27,129.30,0,0,137.47
3880c3c9-7edd-44c1-9729-5e596ed0c050,2025-03-24T10:31:33Z,2025-03-24T11:01:28Z,52,Walking,1794.569,2421.22,13.13,0,0,109.68
01500a5a-b5bb-448e-bf06-f51968d16b0a,2025-03-24T13:32:37Z,2025-03-24T13:56:01Z,64,Jump Rope,1404.151,0.00,0,0,0,174.40
c4022276-46f5-49b9-8507-e190d8995de0,2025-03-24T14:05:54Z,2025-03-24T14:19:14Z,64,Jump Rope,800.469,0.00,0,0,0,98.33
9624eec7-39fd-4187-8681-2759eb43b502,2025-03-25T05:50:12Z,2025-03-25T06:06:35Z,52,Walking,983.139,1026.43,0,0,0,41.53
ebef2b55-0988-4d8f-9d41-2065957619da,2025-03-25T10:08:03Z,2025-03-25T10:25:16Z,52,Walking,1033.025,973.60,27.20,0,0,46.07
fcedae9d-a75a-4f32-9e2c-5b9561db5933,2025-03-25T10:33:20Z,2025-03-25T11:07:23Z,52,Walking,2042.426,2366.97,26.94,0,0,105.53
42c986ad-6a47-4057-b07f-ec5d19f77df5,2025-03-25T15:19:01Z,2025-03-25T16:04:11Z,64,Jump Rope,2709.720,0.00,0,0,0,366.07
bf3f8691-6835-437e-a423-0275e256ccc9,2025-03-26T15:08:23Z,2025-03-26T15:41:24Z,64,Jump Rope,1981.189,0.00,0,0,0,241.49
b174af49-01c3-4dc1-bc37-71f929a982ad,2025-03-27T05:10:04Z,2025-03-27T07:03:51Z,52,Walking,6826.937,1213.70,127.79,0,0,129.74
07bd34aa-ec48-4f4f-b420-b2e2a62e56b6,2025-03-27T11:01:41Z,2025-03-27T12:37:14Z,48,Tennis,5732.972,2098.36,0,0,0,402.25
178bc967-2379-4a63-bde4-6a384348449c,2025-03-28T15:11:59Z,2025-03-28T15:52:58Z,64,Jump Rope,2459.663,0.00,0,0,0,344.30
43a236e2-4c32-4b2f-ad46-eb39a783eab7,2025-03-30T11:40:20Z,2025-03-30T12:04:09Z,64,Jump Rope,1428.971,0.00,0,0,0,169.30
a7764a69-6760-4bba-8b1b-74075c276ce5,2025-03-31T11:06:05Z,2025-03-31T11:29:28Z,52,Walking,1403.768,2034.29,0,0,0,82.93
9788bdae-a89e-4c39-84de-8c412be602fc,2025-03-31T15:11:02Z,2025-03-31T15:40:05Z,64,Jump Rope,1742.990,0.00,0,0,0,244.04
f2cb827f-3fbc-49a7-af56-047068a82227,2025-04-01T04:02:00Z,2025-04-01T04:52:06Z,52,Walking,3005.516,1338.06,4.76,0,0,93.36
7d763635-4d6d-45c7-8c0f-a74adcaee776,2025-04-01T05:17:32Z,2025-04-01T05:49:33Z,52,Walking,1921.458,1083.26,111.10,0,0,71.96
1421cc9c-65c1-4aad-bc3a-4484e4eb37c6,2025-04-01T10:18:54Z,2025-04-01T11:35:12Z,52,Walking,4578.443,2337.71,24.24,0,0,135.03
23e8a0eb-538b-44ad-b148-edb5d50b8d11,2025-04-01T15:38:47Z,2025-04-01T15:43:37Z,64,Jump Rope,289.574,0.00,0,0,0,32.35
846950e3-4296-4c7c-8817-641a8c343dcf,2025-04-02T10:27:59Z,2025-04-02T10:57:33Z,52,Walking,1774.721,2176.99,22.50,0,0,84.52
60735782-f87c-41fb-bf4d-b77a6d80cf14,2025-04-03T10:56:25Z,2025-04-03T11:12:56Z,52,Walking,990.723,832.90,0,0,0,38.38
175ff804-e3ad-469e-a581-3e76dfe96c48,2025-04-03T14:37:58Z,2025-04-03T15:19:02Z,64,Jump Rope,2464.461,0.00,0,0,0,324.57
01be17cc-352d-440b-a3da-e87505d0afd4,2025-04-04T12:36:46Z,2025-04-04T13:28:11Z,52,Walking,3084.692,3249.60,9.24,0,0,129.30
4cc3d3fe-b339-4f3b-8327-0e9a9d206e7c,2025-04-04T14:41:09Z,2025-04-04T14:47:03Z,52,Walking,353.330,267.47,7.53,0,0,12.83
d577ebc9-921f-423a-b6f2-8d69cab7e6c6,2025-04-04T15:18:57Z,2025-04-04T15:58:38Z,64,Jump Rope,2380.970,0.00,0,0,0,325.54
474072b9-d674-4692-840c-d4ccb1b35aeb,2025-04-04T15:58:54Z,2025-04-04T16:01:38Z,64,Jump Rope,163.357,0.00,0,0,0,22.28
d7b4b504-abb2-4573-b2e2-c4ce79379abc,2025-04-05T15:07:40Z,2025-04-05T15:45:00Z,64,Jump Rope,2240.320,0.00,0,0,0,257.74
9d1e8e42-b8dc-420f-9d45-fae4884e2119,2025-04-05T15:57:46Z,2025-04-05T16:00:14Z,64,Jump Rope,148.023,0.00,0,0,0,14.72
73de54f4-3a88-445e-aaff-831f998dbc99,2025-04-06T07:56:04Z,2025-04-06T08:08:48Z,52,Walking,763.793,858.05,2.60,0,0,38.42
ba0c141f-2360-42b3-826a-f5de5dfa8a40,2025-04-06T15:17:22Z,2025-04-06T15:53:26Z,64,Jump Rope,2080.237,0.00,0,0,0,204.63
d0a1ba5a-91b0-4e4e-b708-0ef44484b22c,2025-04-07T10:37:09Z,2025-04-07T11:03:39Z,52,Walking,1590.157,1214.36,0,0,0,63.85
057b9393-5a5f-408c-abd2-fdd74486be33,2025-04-08T09:45:45Z,2025-04-08T10:05:00Z,52,Walking,1155.182,954.27,27.21,0,0,45.46
df30ba74-fe5a-4514-afe4-b28369c38200,2025-04-08T10:14:00Z,2025-04-08T10:55:09Z,52,Walking,2469.163,2797.19,23.49,0,0,116.99
8347e5af-b906-4fe5-b3c2-2c7f5ca0ca2d,2025-04-09T10:41:11Z,2025-04-09T11:00:14Z,52,Walking,1143.469,885.90,71.57,0,0,40.47
d8cf27b3-a26e-4057-abd8-8dddc8596d3b,2025-04-09T11:08:46Z,2025-04-09T11:41:33Z,52,Walking,1967.575,1940.67,0,0,0,81.98
6b7bb07e-2580-41d6-be1e-50d40bb8420d,2025-04-10T05:13:57Z,2025-04-10T06:27:10Z,52,Walking,4393.654,1200.55,112.11,0,0,99.69
596af550-0e8a-41bf-8528-5e275894cf83,2025-04-10T11:32:00Z,2025-04-10T12:44:02Z,48,Tennis,4322.275,1710.77,0,0,0,510.90
2c6d66c6-d814-416d-850a-f8e0e2a0b29f,2025-04-16T11:27:08Z,2025-04-16T12:06:33Z,52,Walking,2364.583,3424.89,14.21,0,0,176.12
c8da1e32-cd51-40e8-b83a-cd36c9c9a84f,2025-04-17T11:33:06Z,2025-04-17T12:53:36Z,48,Tennis,4830.235,1352.12,0,0,0,582.01
a9ab69f4-97d4-4698-9efc-df8117832a01,2025-04-22T11:09:43Z,2025-04-22T11:50:13Z,52,Walking,2430.519,1863.30,0,0,0,92.88
2b081a4d-a72b-44ce-9d3f-00dd7a4cd420,2025-04-23T10:58:55Z,2025-04-23T11:57:02Z,52,Walking,3487.328,3222.73,13.01,0,0,141.99
e8b2e161-51af-41b2-aec8-81e6eb4022a3,2025-04-24T11:30:09Z,2025-04-24T12:44:20Z,48,Tennis,4451.745,1578.33,0,0,0,529.53
2a23469f-5d19-4a5e-b7fd-e35237589644,2025-04-26T06:08:07Z,2025-04-26T07:51:40Z,52,Walking,6213.155,1316.20,54.92,0,0,134.72
65732622-91ba-49c3-abcd-0d0852b509e2,2025-04-26T07:59:06Z,2025-04-26T09:07:45Z,52,Walking,4119.234,2061.99,5.28,0,0,109.75
c38fcbb9-8798-4f03-8d43-8ffc3d3c255c,2025-04-27T09:51:07Z,2025-04-27T10:11:52Z,52,Walking,1244.292,995.14,0,0,0,39.09
b1a7ea34-d225-4aae-b8ad-fdb78bdce1e6,2025-04-27T11:30:26Z,2025-04-27T11:48:16Z,52,Walking,1069.653,1282.29,12.03,0,0,54.19
776ba8c2-d1ed-4f35-8889-efbffdb4c1a6,2025-04-28T11:08:57Z,2025-04-28T13:56:44Z,52,Walking,10067.278,2863.82,19.83,0,0,233.94
4c8d95b0-f0e1-47af-b025-9802d589234f,2025-04-29T11:44:26Z,2025-04-29T13:16:05Z,52,Walking,5499.696,2297.80,20.02,0,0,157.63
4799c904-9a2c-47e8-ada9-656272e0e28d,2025-05-01T04:22:35Z,2025-05-01T04:31:55Z,24,Hiking,560.143,375.77,19.72,0,0,34.35
41cdd31c-9859-4fd5-8966-b409bae9e5d1,2025-05-02T01:16:10Z,2025-05-02T03:30:58Z,24,Hiking,8087.856,4813.89,197.12,0,0,367.85
b27ad4da-e839-4458-b676-a144c3d5b0dc,2025-05-08T11:29:50Z,2025-05-08T12:59:04Z,48,Tennis,5353.280,1933.62,0,0,0,549.65
d83e5683-2802-472b-be62-785b405463fa,2025-05-09T05:26:07Z,2025-05-09T06:37:14Z,3000,Other,4266.919,0.00,0,0,0,302.91
9dbd475d-ea30-4d91-9a37-7d0b123f459a,2025-05-09T10:17:25Z,2025-05-09T10:39:00Z,52,Walking,1295.180,1345.10,0,0,0,65.61
14d081a9-ef05-48df-a162-2f032f2ea0a5,2025-05-09T11:08:52Z,2025-05-09T11:35:46Z,52,Walking,1614.229,2240.13,11.55,0,0,106.29
ec231415-bd5a-40ee-8a55-199b372420a4,2025-05-09T14:19:54Z,2025-05-09T14:36:08Z,3000,Other,974.196,0.00,0,0,0,66.81
3903451a-6a08-4c7a-8fb6-2a25232933f6,2025-05-10T04:15:08Z,2025-05-10T04:23:08Z,63,High Intensity Interval Training,480.440,0.00,0,0,0,43.33
218e3f89-758d-47a6-a68e-a88c267429bc,2025-05-10T08:48:35Z,2025-05-10T10:08:39Z,52,Walking,4804.036,5971.75,28.78,0,0,259.91
7e1f9d07-6100-40ff-ab88-8b55585c8a13,2025-05-10T12:13:26Z,2025-05-10T12:17:49Z,63,High Intensity Interval Training,263.015,0.00,0,0,0,18.19
d3a559ba-b45b-437a-b5de-ec3683ccb9ff,2025-05-10T12:18:03Z,2025-05-10T12:48:19Z,64,Jump Rope,1816.386,0.00,0,0,0,199.95
26ee310f-85cd-4413-84ff-636fd53186e4,2025-05-11T05:00:52Z,2025-05-11T06:06:48Z,52,Walking,3955.402,5212.55,10.70,0,0,259.64
8e47a861-8c13-46ab-99d0-2bd4cf1970a3,2025-05-11T06:37:17Z,2025-05-11T07:20:52Z,52,Walking,2614.882,3456.29,31.80,0,0,159.83
6284b867-a80c-470f-8f3a-99400f7128c4,2025-05-11T15:29:30Z,2025-05-11T15:38:38Z,3000,Other,548.772,0.00,0,0,0,30.30
19b356c1-5872-4254-958a-2e79cb72a527,2025-05-12T11:10:41Z,2025-05-12T11:36:10Z,52,Walking,1528.576,1388.85,0,0,0,68.47
b2d2216d-4114-4549-b78a-a085c42440bd,2025-05-12T12:37:51Z,2025-05-12T13:03:34Z,52,Walking,1543.085,2289.29,0,0,0,102.29
5c7b6e34-7a7c-4115-b8cb-735cd21d5846,2025-05-13T04:30:27Z,2025-05-13T04:34:57Z,16,Elliptical,269.880,0.00,0,0,0,17.45
851c1fa5-0f2e-45ba-bcd6-cf706b6804d1,2025-05-13T04:35:18Z,2025-05-13T05:37:04Z,20,Functional Strength Training,3706.552,0.00,0,0,0,306.54
22c88a87-653b-4e1e-86d6-a62dc8f3fee4,2025-05-13T09:43:49Z,2025-05-13T09:57:33Z,52,Walking,824.180,946.70,0,0,0,40.45
2b86abc7-251e-407e-bb22-1a060279dce0,2025-05-13T10:11:45Z,2025-05-13T10:56:03Z,52,Walking,2657.783,2739.74,19.36,0,0,122.84
6d9eb119-929b-4ce6-b70f-98ede86340b1,2025-05-14T04:27:05Z,2025-05-14T04:35:25Z,16,Elliptical,499.616,0.00,0,0,0,52.80
62bf1f3f-6c42-4417-9cda-b44b2006b943,2025-05-14T04:37:31Z,2025-05-14T05:42:22Z,20,Functional Strength Training,3890.598,0.00,0,0,0,358.21
6d6bde83-64ed-47a8-b8e0-e3d6e2880fc3,2025-05-14T10:43:48Z,2025-05-14T10:57:53Z,52,Walking,845.224,879.80,0,0,0,36.07
5496d4b5-43a3-427e-ba2e-1fc966745f9c,2025-05-14T11:10:20Z,2025-05-14T11:24:52Z,52,Walking,871.704,1028.60,26.92,0,0,19.53
2cda9fec-4228-45ce-845d-3d2c3cbd1a74,2025-05-15T04:39:23Z,2025-05-15T05:21:36Z,16,Elliptical,2533.331,0.00,0,0,0,306.02
3cc48092-8b5c-4ab4-923f-5dec64e59c64,2025-05-15T11:31:05Z,2025-05-15T12:44:06Z,48,Tennis,4380.402,1937.80,0,0,0,571.03
448b85c3-20de-4e49-afd8-06ac3753a015,2025-05-16T04:37:11Z,2025-05-16T05:49:19Z,20,Functional Strength Training,4328.065,0.00,0,0,0,244.98
10cb2aa1-08cb-429e-9102-29caa2568717,2025-05-16T10:02:43Z,2025-05-16T10:18:46Z,52,Walking,963.053,844.46,0,0,0,35.99
1e8ce5e9-3e1d-455d-939d-c429ece49c93,2025-05-16T10:32:12Z,2025-05-16T12:20:02Z,52,Walking,6469.979,4777.48,34.83,0,0,210.27
eb971bce-711d-436f-8426-3ddc01bdefa9,2025-05-17T12:26:16Z,2025-05-17T13:10:54Z,52,Walking,2677.729,2575.20,5.92,0,0,119.19
02ed08be-14d8-44ef-8811-d7c360d75bf4,2025-05-17T13:11:59Z,2025-05-17T13:50:53Z,52,Walking,2333.883,1095.66,7.92,0,0,68.14
60a77fc7-bf2d-46b4-9132-7354c6fef19a,2025-05-17T14:03:14Z,2025-05-17T14:56:25Z,52,Walking,3191.019,3887.02,22.92,0,0,157.16
0fea5ad8-bf01-4a12-956b-ebb2cda117b7,2025-05-20T04:24:26Z,2025-05-20T04:35:05Z,16,Elliptical,638.671,0.00,0,0,0,75.30
8d431cf3-0b9f-4bfa-8ecb-d1927ac6c492,2025-05-20T04:35:14Z,2025-05-20T05:39:22Z,20,Functional Strength Training,3848.153,0.00,0,0,0,316.23
cc11ffc2-f92a-4579-b4ac-6cfbc809b6eb,2025-05-20T10:21:25Z,2025-05-20T11:53:14Z,52,Walking,4966.078,4783.02,46.81,0,0,238.17
24dec17a-d41b-4853-9761-0011568487bb,2025-05-21T04:37:43Z,2025-05-21T05:25:05Z,16,Elliptical,2842.105,0.00,0,0,0,333.08
031074cb-7b2e-4adb-b0ae-777b88d2770c,2025-05-21T10:12:20Z,2025-05-21T10:29:06Z,52,Walking,1005.534,827.64,0,0,0,38.36
655ebfd9-dfcb-4b0b-b11a-0fa8f32bfb96,2025-05-22T04:28:39Z,2025-05-22T04:39:21Z,16,Elliptical,641.923,0.00,0,0,0,65.74
a6b8089b-a2c0-40aa-9166-1767ea93ef0c,2025-05-22T04:39:42Z,2025-05-22T05:45:25Z,20,Functional Strength Training,3943.060,0.00,0,0,0,260.52
d59e23df-712c-4192-b1e6-d703f7b22774,2025-05-22T05:46:02Z,2025-05-22T05:58:06Z,16,Elliptical,724.133,0.00,0,0,0,91.16
c5a29ae1-2c03-4db1-97a1-c8898559b11e,2025-05-22T11:32:28Z,2025-05-22T12:46:39Z,48,Tennis,4450.962,1907.81,0,0,0,479.81
a01a2a8d-e146-447f-b01f-c728f621be4e,2025-05-23T04:29:23Z,2025-05-23T04:35:01Z,16,Elliptical,337.574,0.00,0,0,0,28.32
3d4f62e2-5a94-4c0a-984c-780f137629f2,2025-05-23T04:35:15Z,2025-05-23T05:37:54Z,20,Functional Strength Training,3759.566,0.00,0,0,0,250.27
03f54b22-25ab-4f94-805b-d51a961956f8,2025-05-23T05:39:20Z,2025-05-23T05:49:41Z,16,Elliptical,620.811,0.00,0,0,0,75.32
d12f8683-39ff-4eac-8d4a-de213ad8965e,2025-05-23T10:48:51Z,2025-05-23T11:54:30Z,52,Walking,3938.895,1260.65,0,0,0,85.92
059f3b98-7bcc-45e2-91e4-764ad1c4b5e0,2025-05-24T15:29:13Z,2025-05-24T16:33:42Z,52,Walking,3868.455,5114.22,31.63,0,0,229.09
83edf5ab-4f9a-4aca-9e65-9cc0a171825b,2025-05-25T09:55:50Z,2025-05-25T10:02:40Z,20,Functional Strength Training,410.307,0.00,0,0,0,37.87
e4118e32-8cf2-4c3c-ae37-9540c09dbab1,2025-05-25T10:53:52Z,2025-05-25T12:33:39Z,52,Walking,5515.320,6082.47,35.94,0,0,295.12
10006a90-6525-4c33-9626-b5fa4d494c9b,2025-05-25T13:32:04Z,2025-05-25T13:33:59Z,20,Functional Strength Training,115.183,0.00,0,0,0,6.43
a459f310-4237-47c8-9b2b-65fb46e15a5b,2025-05-26T04:21:15Z,2025-05-26T05:07:06Z,16,Elliptical,2750.444,0.00,0,0,0,361.37
ad9416e4-3f28-46e0-a87e-2c7ea4354ae5,2025-05-26T12:17:13Z,2025-05-26T13:06:17Z,52,Walking,2944.113,3809.89,29.34,0,0,159.08
bb9a9a61-9205-4fc1-8248-00c673f48564,2025-05-27T04:33:41Z,2025-05-27T04:44:36Z,16,Elliptical,654.546,0.00,0,0,0,83.78
58af4329-76a7-4b24-8f84-8b38d70625b0,2025-05-27T04:45:17Z,2025-05-27T05:46:33Z,20,Functional Strength Training,3675.568,0.00,0,0,0,301.50
407fe097-15fd-47d5-8d92-d47ce71488af,2025-05-27T05:47:48Z,2025-05-27T05:58:36Z,16,Elliptical,647.128,0.00,0,0,0,91.04
727be403-51d5-42fe-81b6-42463ff157f0,2025-05-27T09:43:58Z,2025-05-27T11:05:10Z,52,Walking,4160.938,5357.79,24.50,0,0,266.65
23efefb4-4ece-40ed-9db3-bd8c84cd1005,2025-05-28T04:53:44Z,2025-05-28T05:36:47Z,16,Elliptical,2582.395,0.00,0,0,0,343.52
765e67a3-a301-471c-9fdc-9827a04f5b4f,2025-05-29T12:09:50Z,2025-05-29T13:29:53Z,48,Tennis,4802.686,2036.54,0,0,0,467.48
79f84bea-4e1f-478c-a379-a2fabe9d8e59,2025-05-30T04:26:50Z,2025-05-30T04:32:39Z,16,Elliptical,348.852,0.00,0,0,0,34.75
33c32b60-397d-4617-8e1a-3fc2732dce7a,2025-05-30T04:32:50Z,2025-05-30T05:37:33Z,20,Functional Strength Training,3882.890,0.00,0,0,0,232.59
8009dafb-a172-440f-96aa-2fb8c74bd4cb,2025-05-30T05:37:48Z,2025-05-30T05:58:25Z,16,Elliptical,1235.240,0.00,0,0,0,126.77
5c7e0bcf-fa26-43f7-99f4-93d8852387c7,2025-05-30T10:14:44Z,2025-05-30T12:00:29Z,52,Walking,5790.562,5703.51,71.12,0,0,282.33
d211b927-1a8e-4270-b19a-154cecbf9893,2025-06-03T04:20:40Z,2025-06-03T04:26:29Z,16,Elliptical,348.350,0.00,0,0,0,39.89
409e0ae0-8f9f-4f02-900d-6498e6aeb383,2025-06-03T04:26:42Z,2025-06-03T05:35:24Z,20,Functional Strength Training,4121.932,0.00,0,0,0,290.10
483e97c5-f7bd-468b-9d09-2fa8e15c920d,2025-06-03T10:59:54Z,2025-06-03T12:28:12Z,52,Walking,4632.486,4870.92,32.37,0,0,228.19
4b055a61-dd28-46df-b1a1-fb8648d885ca,2025-06-04T04:18:15Z,2025-06-04T04:29:46Z,16,Elliptical,690.552,0.00,0,0,0,86.98
a66b0cec-08ca-4aaf-b36b-59d119610152,2025-06-04T04:29:59Z,2025-06-04T05:36:29Z,20,Functional Strength Training,3989.922,0.00,0,0,0,263.55
2fe9d493-12cb-4354-b3e4-caab951eead6,2025-06-04T05:38:04Z,2025-06-04T05:50:26Z,16,Elliptical,741.171,0.00,0,0,0,107.96
38870db7-9400-43d0-88f1-0356047762fc,2025-06-04T09:36:48Z,2025-06-04T10:31:44Z,52,Walking,2616.500,1653.61,56.24,0,0,83.01
ea410fa5-d7a7-45b0-8c0e-569e797b49ff,2025-06-05T04:28:51Z,2025-06-05T05:15:52Z,16,Elliptical,2821.452,0.00,0,0,0,401.68
ecb584d4-e7ff-4421-8533-cad63b2efd32,2025-06-05T11:47:18Z,2025-06-05T13:46:58Z,48,Tennis,7179.133,2541.76,0,0,0,703.40
8ec7dd00-2d24-4131-ba52-8ad9e30e7f7e,2025-06-06T04:30:20Z,2025-06-06T04:36:19Z,16,Elliptical,359.230,0.00,0,0,0,43.29
